payment_id,enrollment_id,payment_ts,amount,payment_method,payment_status,source_system
523ef487-06fa-4222-9402-f644e91be0d8,a04d2270-352c-4f1b-827e-269042b64759,2026-01-24 13:03:48,299.00,card,paid,billing_stripe
95ca384a-3449-4124-a6a8-6ea23702b9be,7b3fc529-9a15-4cff-8e6d-ce4cd4d04632,2025-10-27 13:42:48,249.00,paypal,paid,billing_stripe
189204e1-adfc-4d13-9b74-b7569da56205,a87a643e-3eaa-45e8-9b6e-3032bbdd7ebf,2025-12-03 23:01:48,239.00,paypal,paid,billing_stripe
e42ce3e2-908a-489d-9922-1d0c7c91df60,274c8d7b-9b35-405b-9819-b19a7d418063,2025-10-31 14:15:48,199.00,card,paid,billing_stripe
9a976e66-c581-4bc7-88bd-38cc47dcf809,bca14863-51b4-4920-9b3f-dbd985853c0b,2025-12-10 11:52:48,189.00,card,paid,billing_stripe
c87ef660-24ca-4d9a-8273-8c0e5187ef63,f2f81496-2d9e-4c89-af54-34001b57f6f1,2025-12-09 21:44:48,189.00,card,paid,billing_stripe
a4f98853-de9e-4452-902a-18414e84b771,24d1c9e0-8896-4423-bba5-af9a939b0855,2026-01-14 06:31:48,299.00,card,paid,billing_stripe
8f05b67f-41e7-467e-b600-659480a91070,78c3c752-1044-4c1e-8842-3384924bfc58,2025-12-18 02:15:48,279.00,paypal,paid,billing_stripe
ef1241e5-f4eb-4870-a548-ecd266af098e,c3cbbf6f-6669-4fc6-bf7f-cb98ec6d3d08,2026-01-27 02:02:48,229.00,card,paid,billing_stripe
a5db7004-9277-4c3c-a6c3-932284080989,8abb8ba9-9a0a-4cfd-82b3-a43fde5abf38,2025-12-13 15:23:48,229.00,paypal,refunded,billing_stripe
90ed1fa0-fa28-4ef7-8a3b-f1591192c4d8,2bbdd562-0862-45ff-aa55-6405202a81f7,2025-11-28 16:35:48,229.00,paypal,paid,billing_stripe
e4cc9df7-5e2e-44fc-8969-ab376ad02357,186cce8c-af5b-4384-9fad-0087ee4c548e,2026-01-04 23:36:48,299.00,card,paid,billing_stripe
e9553f7f-1a4a-40b3-9039-645425f5e7af,ee1c80c5-3b6b-4b51-9d32-5dad4dc52298,2025-11-16 16:21:48,149.00,paypal,paid,billing_stripe
3b3224de-e5be-4bf3-8092-476bdd798197,e40c761a-c090-4448-afea-c45fc12fa458,2025-12-31 05:13:48,179.00,card,paid,billing_stripe
60d90a06-b1fe-4da1-b71d-69be96dcf074,517f730a-85a9-4bf7-8a56-b8ecd7b61f66,2026-02-07 03:52:48,279.00,paypal,paid,billing_stripe
7a80701f-a014-490f-9e3c-2f7ecab9b926,209a167d-9d06-45e2-9583-8a1079c7ac59,2025-12-02 20:57:48,189.00,card,paid,billing_stripe
7d1df445-1076-4db5-b98d-9c13db3eb9d2,f9a7e5a7-0d10-424a-8474-1ab46e001e55,2026-01-07 03:00:48,199.00,card,paid,billing_stripe
2dce7dfc-0aaf-4fb3-8c3e-3df85573fbf5,1568ecec-0c79-4d13-9865-078e5aa2c597,2025-12-12 04:03:48,189.00,paypal,paid,billing_stripe
cf1e706e-2379-4dac-a1a1-6a5d4c7f3602,d7466020-a7b0-450a-a5b0-93a063489caf,2026-01-22 06:00:48,149.00,card,paid,billing_stripe
0686a13b-a527-4d92-a5cf-48a9ac244b88,44f8fddc-2750-4832-a67e-30046bc85c6a,2025-10-25 19:22:48,279.00,card,paid,billing_stripe
edb0318d-0ef0-469a-8dc5-0d4136954fb6,261f1f7f-4502-4eb8-b146-f525ebbb7e1d,2026-02-10 05:41:48,129.00,card,paid,billing_stripe
21c13af8-b9de-4d36-87ad-30909203679a,eccfb049-d613-482e-a3fa-7f85e0439a2d,2026-01-07 05:12:48,139.00,paypal,paid,billing_stripe
fd2fe067-b449-48fd-9244-a8172968b5cc,4227c611-f73b-4ef3-a55d-d58254b016fb,2025-11-09 05:00:48,229.00,card,paid,billing_stripe
06968571-850b-4e52-93b9-e81b34ceb0ba,deac042c-027e-406b-a9b3-f6529d0691a2,2025-11-25 04:18:48,199.00,card,paid,billing_stripe
2e0f096a-91f3-4f64-be46-b0a70e7c5b92,8c45e929-64df-4c5f-bfef-ca3b2634d54f,2026-02-05 07:41:48,249.00,card,paid,billing_stripe
a63ea25a-8071-4e85-8c8a-473afcdb8e79,6d19c0cb-c4bb-450a-ba06-7fa1633bbda2,2025-10-19 15:00:48,79.00,paypal,paid,billing_stripe
de557797-e8eb-415a-9bfe-613e6dde9331,137f8e71-a4ea-4c50-9125-07386ad943af,2025-12-30 10:07:48,199.00,card,paid,billing_stripe
0372928e-d890-4d4e-b5b7-e588d37b0d77,8f582f26-141f-4ee8-983b-ed6b717aa505,2026-01-09 19:46:48,129.00,card,paid,billing_stripe
8c64a0cf-b605-438f-a06f-68d3c14c8d3b,1d4ca732-252e-4717-8c91-edf2a7ef59fe,2026-01-19 11:45:48,279.00,card,paid,billing_stripe
0347b015-6f65-4ef2-90e7-7925c30f460d,8331e22d-bf7d-4034-9ab7-e80af81b9bf8,2026-02-09 12:30:48,279.00,card,paid,billing_stripe
b25d3388-ac2e-477d-b1b1-1cc50f2781aa,18fcf9cc-bbf8-46ec-af86-0f7699364405,2025-11-16 11:13:48,249.00,paypal,paid,billing_stripe
dc2713ad-580a-49db-b354-bcf3fe305167,0e18ab8d-cb71-4230-9503-4d642754656f,2025-12-10 08:22:48,299.00,card,paid,billing_stripe
0b9075b5-494c-400a-b0fc-e7e2ee0ad6da,4be2baf4-a947-492b-bff7-19f3e8bde11a,2025-12-30 08:31:48,89.00,card,paid,billing_stripe
41323a9e-47c7-4f23-8e70-4355485da4de,e90db6ed-64ac-4a29-a371-5dea599d3b7c,2025-11-09 01:57:48,199.00,paypal,refunded,billing_stripe
3be5de6a-a226-47dd-aa80-4f171a6c3101,9f01cc05-0add-44ab-b6f4-9200eabb4255,2025-10-31 15:00:48,249.00,paypal,paid,billing_stripe
aa0753e0-d692-443d-82e2-b949b190a313,6709b524-8854-4d46-b499-67a5a185b56c,2026-01-21 14:52:48,149.00,paypal,paid,billing_stripe
b6f9a027-0269-4154-bc9d-241870568d36,3d02adb6-f308-4b13-9d8c-cb3879801500,2026-01-14 10:25:48,139.00,paypal,paid,billing_stripe
47f1ebdc-f214-49bc-a7d1-a159fe828485,21878873-cbcc-4054-bf7c-2f79f9109242,2026-01-31 06:33:48,229.00,paypal,paid,billing_stripe
0ae0de54-b486-4012-b604-11cd4ff30a9c,d3a01eb4-b4ec-4acb-935f-b01db1b2d030,2025-12-13 20:08:48,189.00,card,paid,billing_stripe
36751488-ab48-4d99-8959-803a05e5a706,edca0201-1bae-4ea0-a827-4e2c4cf80b04,2025-12-08 07:07:48,99.00,paypal,paid,billing_stripe
9f4f244a-2b91-41f2-b34f-c2cb7b6a2627,610e0ec9-63a0-4426-bda6-2041aee1ee4b,2025-11-29 13:41:48,129.00,paypal,paid,billing_stripe
89d534a4-ae61-4231-a23e-e48733e3afa7,d75ced00-c931-4c30-ae7d-b7d5f11a1f9f,2026-01-10 21:30:48,99.00,paypal,paid,billing_stripe
b8a6e90b-1950-4a72-a639-529471b3bd6e,dfcb6aa6-f583-4c62-8ad2-8b8ae0a8c206,2026-02-12 07:39:48,279.00,card,refunded,billing_stripe
158d7c33-519c-4c8b-a42a-e1af9543fcc8,b70ec211-64cc-4d18-9ee0-7ca810f813b0,2025-12-31 05:08:48,99.00,paypal,paid,billing_stripe
52d39ff3-ecc3-4faf-961f-b43b517967b9,ffd8334b-c54b-41f6-a480-737e2acb4257,2025-12-04 11:37:48,179.00,card,paid,billing_stripe
3f5a2deb-cff1-401c-b60c-34f843f1b379,6cec4318-fa16-45c9-883a-6ac232be42fc,2026-02-11 14:14:48,229.00,paypal,paid,billing_stripe
2cef8a1d-c126-4482-9ee8-da1ae7832ef5,d6faf939-ecd4-4409-9211-4ffb98000f95,2026-01-18 17:22:48,249.00,paypal,paid,billing_stripe
cd3f987c-2ffb-4f45-9ca9-ea752f36f46d,4e8e88a8-509d-4ce7-8025-fabe3251ff7d,2025-10-22 14:03:48,89.00,paypal,paid,billing_stripe
54a40a7d-4153-464e-9d83-e6f1a25a42df,00ceee28-4d16-4e6f-9035-073ffa83f9f1,2025-11-15 14:30:48,139.00,card,paid,billing_stripe
ae7f8e50-211a-4f1a-ad04-0d451ca335e7,d9cd50af-7c0a-4023-bf1a-86365cf4d7e7,2026-01-16 05:48:48,189.00,card,paid,billing_stripe
926da209-2dc6-430c-b8a5-875df41c46f0,0e9d26c8-4a93-4726-915b-3b81620c0e9b,2026-02-07 11:48:48,229.00,card,paid,billing_stripe
2f7b258b-2c84-4a4a-a057-777360298b0f,0ce0d8be-af78-4dd7-924b-52b5df9c9a51,2026-01-05 21:13:48,229.00,card,paid,billing_stripe
fb53017e-dd1a-4fd3-bdcc-4aa1f6e00c05,da437972-02c0-40db-b2f5-19d7076bf494,2025-11-09 15:48:48,299.00,card,paid,billing_stripe
8fec051f-bf18-4453-8983-d346cd641fc0,38b2ad70-23d6-4da7-b3cc-b32d52f3f9f9,2026-01-26 09:17:48,139.00,paypal,paid,billing_stripe
51f5d326-dc08-4db9-b00d-1bcbec7e98d5,965ba41e-0702-496f-a3f2-a355a16f935c,2026-01-14 09:55:48,289.00,card,paid,billing_stripe
4732eaff-2872-463f-97ec-7fb2e86c1b65,0faf26f0-6001-451a-8eb1-7bb5825a6cdc,2025-12-02 02:53:48,139.00,card,paid,billing_stripe
e56382cc-479a-444b-aea5-f18cbae3b887,edad8bd9-96c0-4c9b-bb6b-686e55f28c55,2026-02-05 19:29:48,289.00,paypal,paid,billing_stripe
d172679d-1c45-4115-b747-90f59ac3770d,ac17b321-b397-4a3c-938e-8922467541f7,2025-12-13 21:46:48,189.00,paypal,paid,billing_stripe
bbe2164e-f9f5-455a-ac13-4b5fe9468246,5e76da02-c44e-4ec9-9016-df78b440aa80,2025-11-19 13:43:48,229.00,paypal,paid,billing_stripe
a432b9ec-bb3d-4751-b417-faec21abff0a,7900dc51-7231-4589-9d45-9b479cc16d0d,2026-01-05 19:24:48,179.00,card,paid,billing_stripe
31b14d84-86dc-49b4-be85-bcf5509dfe24,1b49c6a8-ebb6-43f6-b0f1-abc9fe9f0b63,2025-12-18 08:59:48,249.00,paypal,paid,billing_stripe
61c10676-e85d-477c-bbbe-7fe2626aaa03,ab646157-879d-4aae-97ce-631dd1502487,2025-10-28 01:50:48,149.00,paypal,paid,billing_stripe
06ef7724-1bf2-4035-8f31-59d8bbc84ff3,adbed114-c561-46b8-a6f4-ccc2434ce851,2025-12-13 20:28:48,239.00,paypal,paid,billing_stripe
01250052-9bad-49eb-bb72-d47676ffa08b,9c64bcfc-07bd-4856-adf3-550522ad5095,2026-01-16 13:14:48,199.00,paypal,paid,billing_stripe
f519c6c9-7aca-4b3b-b9d8-195577b8d54f,fdd15766-93c0-4752-a219-d936443c1dee,2025-12-09 15:01:48,79.00,paypal,paid,billing_stripe
44ea9c79-f221-4ff6-bbce-3a5238713703,720321ab-2a45-4c07-aef1-6117e84fb932,2025-12-31 14:55:48,99.00,card,paid,billing_stripe
a07d20c3-3d7c-4f59-b51b-5288b85fb6d1,a1512219-1b3a-4e83-a8e1-cce2a003b064,2025-11-09 19:47:48,299.00,paypal,paid,billing_stripe
6a191e92-7793-4ee8-a5ea-373e0607ccec,b907d1a3-777c-4e0b-b123-a033119849bf,2025-11-06 09:31:48,199.00,paypal,paid,billing_stripe
b6797e01-cd5f-4fcf-9541-71552ab88ce8,65a3e6e6-7d60-46b9-b3b6-27da7b0a78db,2026-02-10 12:49:48,179.00,card,paid,billing_stripe
d494e179-df65-4206-a911-bf9c4af5e2bd,9cee44f9-65e4-4d76-bb5b-75bb4d451a1f,2025-10-18 21:11:48,129.00,paypal,paid,billing_stripe
d1871a8b-af02-4088-91fc-117071ec6be7,47742c70-57bf-4680-ac40-1802ae495d4f,2025-11-16 18:58:48,249.00,paypal,paid,billing_stripe
ee1f3d32-33d7-433d-92e8-026eab263e02,7d56b732-151d-4fac-925f-d8df99bc4fb9,2025-11-05 21:22:48,79.00,card,paid,billing_stripe
82a6bf2e-a4c3-4cbe-a414-0e4a9d9db688,82704f9e-89d5-4c1f-90ba-89af4dab751b,2025-12-03 00:23:48,279.00,card,paid,billing_stripe
1b9d818f-7c88-4dd0-9210-adb7d32978d3,58cbefa5-5ef4-47ce-a4a5-20e9e1550a17,2026-01-22 14:25:48,179.00,paypal,paid,billing_stripe
55a53339-e5dd-450e-929a-153d40e4693b,8a22e657-b6d2-43ff-ad6e-1c1e8fd4bdc7,2025-10-26 21:13:48,99.00,paypal,paid,billing_stripe
5bff04d6-b0d5-4685-9126-c3523dfef4ed,c38b6f8c-ddea-4c7d-bf1f-88ce4c9d3734,2025-12-10 04:55:48,129.00,paypal,paid,billing_stripe
14a186f8-a95d-4f36-ad0e-fdb0f6b7e6ce,33b4de70-ff95-48d4-bcc5-9419e56d019f,2025-11-29 00:03:48,139.00,paypal,paid,billing_stripe
b8aa9f45-9aec-4226-96c0-98ae195d198f,22219328-b19c-4adb-8af9-bae21ce30eb0,2025-11-18 17:34:48,179.00,paypal,paid,billing_stripe
86b2ce58-4999-4401-b277-cbb48bcd6f1f,8f8d2bb6-f4fb-48dc-a3ba-d63f31de47c5,2025-12-03 16:20:48,229.00,paypal,paid,billing_stripe
a82338f9-c8b7-4e46-9526-c47f6ef05a7b,f0442954-312f-4a9b-8099-30cd78c90c55,2025-11-16 12:42:48,239.00,card,paid,billing_stripe
2719a0b4-6a85-485c-a511-b8bd6f6ef931,ad1826ec-3cbe-42c4-b0fe-898501a6f482,2025-10-18 21:46:48,199.00,card,paid,billing_stripe
712da1a6-8bc3-4bc4-9f2b-a4d4bc55be25,a203e437-87eb-4dd0-94bc-6bc7e179bbb6,2025-11-22 00:49:48,149.00,paypal,paid,billing_stripe
f0acc760-fe10-427e-8d44-90ac41407892,fdade3c3-5b12-44e4-85ec-d13a941b641c,2025-11-20 15:32:48,299.00,paypal,paid,billing_stripe
668e3050-3dba-4b8b-ac5b-bb0b61c9e54a,33d89d0c-e231-45b3-99fd-408f24f5cfd2,2025-11-11 03:36:48,199.00,card,paid,billing_stripe
ee90f376-f59b-4aef-8138-f75a10b54ebd,fae27b58-57d1-443c-9360-cc6e3feed4a1,2025-10-22 12:45:48,149.00,paypal,paid,billing_stripe
933a88b1-03b0-4b3a-8d49-530e21b61bb5,6b6213c9-1557-41f8-9b0c-8add1e9c2f34,2025-10-18 21:11:48,199.00,card,refunded,billing_stripe
51cd147b-24f0-4583-bf9a-6eb9afd0e1d4,8b27aaad-39b3-4f6c-b439-c9fede0eda1f,2025-12-18 17:08:48,279.00,paypal,paid,billing_stripe
d55a6be2-89d1-4e08-aa53-5021a324e6ee,2da3605a-1ad0-47c2-84f5-071502c1d110,2026-01-22 11:14:48,129.00,card,paid,billing_stripe
71e07897-9717-4cfc-a8e7-1274689f6512,604d41e5-5e59-43d0-8c6c-d336d1e664cc,2025-11-06 08:44:48,149.00,paypal,paid,billing_stripe
47de4c70-5691-4c86-91f9-fc770d81c5c1,fc95afca-bf43-439c-aae8-462a2c836d2f,2026-02-04 06:51:48,99.00,paypal,paid,billing_stripe
7bcc8fe3-2bf5-4504-a8e4-aaeb63ad7c34,35f4cfd0-ac0d-464e-bbca-05d258131d20,2026-02-15 08:38:48,129.00,paypal,paid,billing_stripe
ab719125-d922-4fc2-99e7-47c97dad6ed7,f568b90c-7cb7-4a7e-a5ef-092164837fb4,2026-01-12 22:58:48,149.00,paypal,paid,billing_stripe
84bd61e0-f3a2-49d7-b49d-2e80d98e89c9,9ca8bed7-030d-4633-ab9d-87a456851253,2025-12-25 18:55:48,199.00,paypal,paid,billing_stripe
2bc24346-f7c3-4cce-85ce-5b2d23f60d9b,19854b8f-d953-4cb0-a2d6-2cbb575037c9,2026-01-18 13:17:48,129.00,paypal,paid,billing_stripe
3be08dae-1667-4084-898c-df245588dc4e,d295fe7d-1cd8-4dfa-a430-3ec56568349e,2025-11-10 18:57:48,149.00,paypal,paid,billing_stripe
93d4b751-cdd3-46ca-b4ce-cee4ac8a149f,c97a239f-b8e0-45a5-bc12-744cd1f00d04,2026-02-05 19:51:48,99.00,card,paid,billing_stripe
90cffe38-0410-49ec-adca-29e91d8c93cb,689d9d4f-9c41-4bf8-8962-934c354ef5df,2025-10-29 03:17:48,99.00,card,paid,billing_stripe
070d7820-564d-411f-a63a-00e094f5568d,ebdbb13d-941b-4fbc-8f52-b667a4301165,2025-11-04 10:55:48,129.00,paypal,paid,billing_stripe
f377dd75-222e-4147-baff-fec742b6e1a9,54787d42-e86f-4916-beab-035eed7aa6b4,2025-11-15 20:52:48,199.00,card,paid,billing_stripe
7006c802-a7b1-4888-ab56-eeeeeedd6b72,ba946dbf-e9f0-4e25-83f0-55a77f333824,2025-12-23 00:51:48,99.00,paypal,paid,billing_stripe
243e64fa-6f05-40ae-99c0-52ed848faa98,03251ff8-3d65-40e5-9253-1ea3b8d9cc55,2025-12-25 12:07:48,129.00,paypal,paid,billing_stripe
544c62a4-40a3-4bac-8343-3bd4ad7e3946,f6571ff7-27ab-48f2-b219-2c844365923f,2026-02-04 19:39:48,299.00,card,paid,billing_stripe
7515ba91-00df-4758-a3f8-eaac95f4cb34,db87dd17-b4f6-48ab-bbd2-218333aaba97,2025-12-08 23:15:48,149.00,paypal,paid,billing_stripe
22caeb93-f249-42e1-93a2-adadc5d699e6,576e85c3-f089-45a4-85fb-b1c4fcc0e72b,2025-12-09 01:11:48,149.00,paypal,paid,billing_stripe
a46b89c5-8a12-4d60-a33b-bfe0b432b080,4ae67945-132f-47d8-9813-b166f082d25a,2025-10-18 18:46:48,99.00,card,paid,billing_stripe
97b0e22b-c8d5-490a-9b50-e3dc8ded3f24,73345ef4-e01b-4ac6-a3fb-fc838ba518c9,2026-02-07 08:36:48,79.00,card,paid,billing_stripe
71094c8a-119f-4dba-a36b-ba8b7fb57d98,68f1edd9-cb97-4daa-ad10-4ce1f9f8b8eb,2025-12-25 22:08:48,299.00,card,paid,billing_stripe
574716ce-34bb-43ec-8c13-38d0a85f683e,9c4fb4df-0905-4f3c-bf08-85d502790d53,2026-01-16 14:15:48,189.00,card,paid,billing_stripe
825ecd90-d698-406a-9089-af15a6e63a97,793aefd6-1d15-4ac6-8557-d1b4afce4d92,2026-01-08 10:39:48,299.00,paypal,paid,billing_stripe
da359e81-1c8e-4a73-ab91-28276fe45118,9641a12a-76bb-4b28-9343-2183b7330e33,2025-11-24 20:59:48,289.00,card,paid,billing_stripe
555c8db7-c9d7-4439-b6e4-3a7550b78094,d8b87688-ce9b-43d7-a80f-4c1b59b18186,2026-01-22 20:22:48,149.00,paypal,paid,billing_stripe
5fb72753-0afb-453f-bdb1-c34745d214f4,6093daa9-0f2b-4474-9b5d-d8ac5af38963,2025-12-06 02:20:48,299.00,card,paid,billing_stripe
1425babf-76f8-44a4-87b0-e48cbcf59c44,1a9ae79e-93e6-43b7-bd99-2a2ef7e81601,2025-10-19 23:46:48,199.00,card,paid,billing_stripe
e2305176-080e-4953-9a8e-51cb34e141b1,38fda37e-8a9d-4fcb-a7b6-512b87bec171,2025-12-28 16:59:48,299.00,card,paid,billing_stripe
f9bdbcbf-af0b-4338-ad96-b056bb804043,2f75dae2-37b9-4031-8866-6ba5a6ca9095,2025-10-27 03:06:48,99.00,paypal,paid,billing_stripe
6a625c32-08f9-4553-ae1b-a0ceead65cbc,d89d8499-009c-434c-afe3-b979183eb45f,2025-11-18 01:05:48,129.00,paypal,paid,billing_stripe
c570d81f-a586-4a1a-affb-41187b87b063,c301ecf0-9740-48c5-b9ab-0175e9829a8d,2025-12-18 02:29:48,189.00,paypal,paid,billing_stripe
c9c132d1-b4ff-4c08-87c3-02fd1da0ab90,8ba2d947-4445-48b2-8514-42513cdb0064,2026-02-02 18:58:48,199.00,card,paid,billing_stripe
abea61bd-c1c8-4540-9f53-28bff0d620c2,655a3be1-5b0f-4b5b-a34c-9825d72e25f4,2025-11-13 10:44:48,179.00,paypal,paid,billing_stripe
204c5e64-1481-41fa-8b25-fa28167449d2,62f53849-3c54-431e-a394-8cb51c64bc05,2025-12-28 22:17:48,129.00,paypal,paid,billing_stripe
19dd1072-a80c-452d-9aba-12c00ec8c8ee,5fb3b3b3-55ae-4650-a9d6-55850575659b,2025-11-14 20:38:48,229.00,card,paid,billing_stripe
b09e59a2-83cf-445f-a7e0-d457786be731,5fb95a51-51b1-4460-8d1c-93ce2a6dde04,2026-01-22 19:00:48,99.00,card,paid,billing_stripe
2c5c0535-1f76-40f7-9ad9-676e4328ae99,c21acce9-7086-47f5-a298-b5eaf3c75b48,2026-01-28 23:48:48,99.00,paypal,refunded,billing_stripe
d91df422-173a-4bc5-bf94-1345978385cb,1dd75da6-08ee-4e14-b3e5-5a77c708622b,2025-11-27 14:59:48,279.00,card,paid,billing_stripe
5ae7e218-4326-4bbf-b9ed-8c133a3894c4,f77e532b-015c-42e5-a9f9-b15dd992ee6c,2026-02-14 18:12:48,189.00,card,refunded,billing_stripe
5d720d95-eb14-452f-bff8-fce31a30401b,cf132b09-cefd-48df-8ba4-086842e7f81f,2025-12-10 11:43:48,139.00,paypal,paid,billing_stripe
7745cee2-c08e-4ae0-95c8-a0840835b0fd,500de1f0-0a8b-4873-8429-d389b7adab12,2025-12-25 22:11:48,149.00,card,paid,billing_stripe
67f62bd9-fdbe-4337-a1b5-9825d1a7bbe0,0c50de48-443f-4b41-8534-6a258a1523a2,2025-12-29 01:45:48,249.00,card,paid,billing_stripe
9f44d0d1-e2a2-4a5d-b773-60f6f101ff8e,643a8b0c-61cc-48c8-8390-59817843109f,2025-11-25 10:29:48,99.00,paypal,paid,billing_stripe
d0d89150-2a60-4641-804c-ebda9d05b8a7,836e45d5-0367-4c76-ae50-e6ebcfa6ec31,2026-02-10 14:04:48,199.00,card,paid,billing_stripe
03a75580-643f-4790-87ad-681dc46a2d49,6a51eb0e-0283-4e43-b5a1-1d256309a4bc,2025-11-10 22:10:48,249.00,card,paid,billing_stripe
e2de42e6-7023-4dfb-b914-ed9283a8c080,9f74052e-ed55-448d-9d78-d309abb3be3f,2025-11-20 19:24:48,249.00,paypal,paid,billing_stripe
5777d00d-c215-4bfe-a99d-ed99dbac54c8,d3a3aa41-dcdb-4ced-83e2-3f60ac393d4e,2026-02-03 04:57:48,89.00,paypal,paid,billing_stripe
d9d3d99f-7119-4766-8b0c-470ea3fe296e,185bd8b7-b5bf-4fd9-84de-652c84bd64ef,2025-11-26 12:01:48,229.00,paypal,paid,billing_stripe
94f9d9d3-9ef9-480e-ae04-368a318b18bc,bf24a162-aedf-466b-b34f-b5350922351e,2025-11-19 21:45:48,249.00,card,paid,billing_stripe
b66c0155-e136-46ba-9fb4-ebafa1675933,a82f70d7-520e-4d22-8e7f-3a6a45ae6d32,2026-02-05 08:40:48,249.00,paypal,paid,billing_stripe
70288771-6123-43ed-831f-802e497300fa,8a9e7c2f-c8ea-48f2-90e8-4c9b29aca7ba,2026-02-15 03:26:48,189.00,card,paid,billing_stripe
d453aa45-d339-4d15-83a1-018a2b629a02,48ab8c3a-eebf-4174-b8a4-60e38a37d679,2025-12-05 23:55:48,249.00,card,refunded,billing_stripe
d4a9cbe2-88ce-4539-b57f-8d1dfba0c70a,8671c09e-f8cf-40d9-9ed9-99e96c04bfa0,2025-10-28 00:51:48,179.00,card,paid,billing_stripe
9b21cfb0-6691-4ba6-b82d-6c761281ae3c,0e22d834-4def-4fb9-92ca-1e84e60504e2,2025-11-20 07:39:48,139.00,card,paid,billing_stripe
77db3430-5b28-4e82-b08e-1f37f73edd55,848a532b-6c97-4151-a9f4-aef4ca5db106,2026-01-24 23:26:48,239.00,paypal,paid,billing_stripe
97de32ac-f5c8-4080-937a-c7ba54dc8728,04768d3c-407a-49e0-b6a7-18d3aefd20ee,2026-01-14 14:03:48,249.00,paypal,paid,billing_stripe
496636d0-1a59-4377-918d-e37e2354f09d,2a8a0c7a-d7a4-4aa9-ac0a-481556744076,2026-01-03 18:20:48,179.00,paypal,paid,billing_stripe
90eb65f3-2770-4bb1-b0af-dd1054772e22,c04a5774-3633-48ca-9e7b-04aecd677ccc,2025-12-16 09:36:48,239.00,card,paid,billing_stripe
6b56350b-f7c4-4b56-8e0d-8feebb5b240f,f2d5923b-a03a-45a7-b6bf-2a318026f017,2025-12-29 12:10:48,239.00,card,paid,billing_stripe
f3aec9f9-855e-47f1-9e66-6ed4a6d1a946,7f6f091b-c692-444a-b255-2df2520fdaa1,2025-11-19 23:22:48,249.00,card,paid,billing_stripe
7fcf63a3-cc3f-41a2-ba35-c3fd5e94dfb7,c4603aa4-9cbd-4c0f-97bb-e6b86ced924f,2025-11-20 22:54:48,199.00,paypal,paid,billing_stripe
3cdb1164-74f0-4147-97f0-2be454bba59c,b6e7e53e-7f4c-4773-bb33-5e9677166e06,2026-02-06 03:55:48,229.00,card,paid,billing_stripe
1dbff07e-548d-4270-aa84-9c509d11745b,61698431-3d57-4424-9373-b911479acc83,2026-02-02 04:28:48,199.00,paypal,paid,billing_stripe
d8335157-eac4-4a0f-861c-bf5fe38805bd,c8dfe7b4-75d0-4282-9e7b-64e63f4daa32,2025-11-06 07:01:48,99.00,card,paid,billing_stripe
34f44585-eb38-4d62-a415-2f847fa4c0f2,8e87c141-4a04-4061-bfc6-a4e08ea5453c,2025-12-26 21:01:48,299.00,paypal,paid,billing_stripe
ee27ca8f-bef6-4555-a16d-6bf7219df1d0,58acde8f-dcb7-4db4-818f-c7b2c718be5d,2026-01-08 23:52:48,99.00,paypal,paid,billing_stripe
fdabc6dd-b3f3-41af-8f21-73e5a63f7d86,412c3bda-1971-4861-ba8a-e7568d25fada,2025-12-19 12:20:48,239.00,paypal,paid,billing_stripe
676b6d92-6ba2-4424-a6b6-f0432c54a13c,86427b05-ad67-47b7-a37f-e1947164d6c1,2026-02-07 04:14:48,99.00,card,paid,billing_stripe
b3ee50d8-ec99-4df9-9d1b-3aeabd4d0e45,87bf124b-7b19-41c5-a2ff-2e36d7ba5d91,2025-12-11 13:43:48,139.00,card,paid,billing_stripe
141b0d24-8e74-4907-bf02-1eac1c37202c,11a8005b-aeeb-44f0-9ba0-f0ead6323ff9,2025-11-27 09:36:48,229.00,paypal,refunded,billing_stripe
b66b943b-9d01-4bb8-a598-8a5e41581908,aece9cd1-c161-49be-9487-46ab6b5c3aa4,2025-12-28 11:44:48,149.00,card,paid,billing_stripe
d6ec6ba2-6908-4195-b7c7-00748c6c2a58,62a3b9af-a31d-497c-8285-c5dd3da3658d,2025-12-31 09:34:48,249.00,paypal,paid,billing_stripe
c84dc30c-e8dd-4c6f-99c9-dccb91262222,2f763f2d-4023-4ec9-bfcd-19ca8026280d,2025-11-29 06:36:48,89.00,card,paid,billing_stripe
5158f794-93a2-433e-9b8d-6fedaf05e6e2,c022968c-f0c4-4e0c-8cfd-652f1f7ac865,2025-10-20 19:52:48,99.00,paypal,paid,billing_stripe
adc2c1d2-8f80-4bc9-b9aa-3b1faee2a43f,c1d647f9-05a2-4571-8afd-8378d4680dc1,2025-12-29 15:37:48,279.00,paypal,paid,billing_stripe
598fc06b-5746-4495-96a3-ace361f64a7b,c91c5a8f-aee7-431c-9cae-455494523459,2025-12-14 17:14:48,149.00,card,paid,billing_stripe
b96af874-9df8-4bcb-9c08-5e3b659e3dfa,3ef082b1-6aea-4140-ade1-c868fa2e2ab5,2025-10-31 05:02:48,89.00,card,paid,billing_stripe
36ffa830-70fe-4c64-a999-dcdb9634daac,7747ed86-3fdd-4fe4-8271-fa837b60d194,2025-12-06 01:49:48,229.00,paypal,paid,billing_stripe
2dcfedb3-503f-496a-b0ca-e2f580ab494e,397f8759-a0e4-4b08-9105-9c0269f25733,2026-02-04 21:14:48,139.00,paypal,refunded,billing_stripe
269e4637-dc54-47eb-b70c-c76173972699,804e41fe-b9cf-45d3-9d3e-4bcd6fabf3b0,2025-11-08 01:23:48,249.00,paypal,paid,billing_stripe
f566bbfa-3bb5-4589-b4b8-855ffd04e237,511c4575-4aed-4c79-b497-be0734680ab3,2025-11-09 13:41:48,299.00,card,paid,billing_stripe
4877c25d-54e1-4621-a658-bb522f56eb59,d6833dfc-5209-4503-9b9c-dbec2e6fa68b,2025-10-27 11:26:48,189.00,paypal,paid,billing_stripe
2c7af4ab-b32b-4d68-a810-b747d42dae04,fda4bc85-4e46-4dc0-b471-c47e891ef4db,2025-11-08 11:30:48,289.00,card,paid,billing_stripe
59e1b22f-c9f4-4d36-804a-5495a1ef3cf6,fdf59545-6324-46fc-8a94-6211316b1958,2025-11-07 13:38:48,149.00,paypal,paid,billing_stripe
ed802637-d55a-4764-a250-d2007b941ad2,91a6b506-13e6-46d2-b950-854674bce2b4,2026-01-04 21:53:48,189.00,card,paid,billing_stripe
3afdb8cb-36fe-4b8a-b611-c632b174af28,91a6c544-d7bf-48cc-9456-0db49c7d78b1,2025-11-10 23:36:48,89.00,card,paid,billing_stripe
c454694d-1e95-443c-9a5f-57839771c32a,401fbf27-df32-44e4-949a-411222a93f54,2025-11-16 10:23:48,129.00,paypal,paid,billing_stripe
73725444-31b8-41cc-b7eb-13be36fae7bb,290b178b-951e-4cae-a16d-5ed576333924,2025-12-29 02:05:48,79.00,paypal,paid,billing_stripe
18d2d5c9-9414-4aaf-a354-928eb48497f9,4cedb645-827f-40ce-b32f-8264e54ddb6a,2025-12-15 08:37:48,99.00,paypal,paid,billing_stripe
d6b27b3b-da67-4421-a205-8684cbf63c75,7b6a9402-3899-402e-9182-df164a959654,2025-11-06 02:26:48,129.00,paypal,paid,billing_stripe
0273de84-28df-4088-95e6-613d60c472e7,8fd3a7f1-8f72-4ab9-99e0-2bbe165ba905,2026-01-02 18:38:48,129.00,card,paid,billing_stripe
88269c6c-706a-4b56-b23e-e0c85c364edc,059365f6-3af2-4450-9ca0-986e849d9389,2025-11-26 21:24:48,99.00,paypal,paid,billing_stripe
fdbc6650-a19b-43d8-8f30-ec1e230f3741,c67742c8-0372-4428-93c2-07faddc717aa,2025-10-25 21:15:48,139.00,paypal,paid,billing_stripe
3667e3a5-c5da-4527-ae0c-15957de472ed,7973a951-a74b-4e9a-aa5d-44de9c29fc96,2025-11-21 19:14:48,79.00,paypal,paid,billing_stripe
e8cdc1d0-6baf-449e-8ee3-b3b56373ef3a,d58f4fd8-f53e-4327-8e78-d83ce26fb99c,2025-11-17 12:16:48,129.00,paypal,paid,billing_stripe
ade11d40-20d5-46b2-b2aa-64f8e1ffdc24,3ef2886f-0568-4eb6-818d-72834d463cb0,2026-02-13 21:13:48,79.00,card,paid,billing_stripe
af4c4ac8-6feb-46e3-b51b-32eaeead36b1,341019eb-8b83-4f10-958c-1bfaa4c6c13a,2025-12-28 13:45:48,99.00,card,paid,billing_stripe
c30b772d-8091-477f-97e1-36209bd622af,1659f324-b769-49b4-bbbf-f025fdc6bf74,2025-11-24 17:04:48,99.00,paypal,paid,billing_stripe
1ca59b90-9efd-4195-b2dd-0b28cc8558f8,7c36c294-4b76-4ae5-bc63-b5bfd8d2d7cf,2025-11-15 12:18:48,129.00,card,paid,billing_stripe
0a26a9cb-1872-4798-ac41-d67f2c7b88de,d9ba5795-7bcc-40d8-b397-f8281d722cd6,2026-01-29 13:10:48,239.00,card,paid,billing_stripe
70bd02d5-f0e6-4aa8-83aa-813b3962a670,29264ab7-ffd7-47ac-a25c-8b7aebc5644f,2025-11-25 09:37:48,289.00,paypal,paid,billing_stripe
0812b572-65a9-4a54-b8bc-05d0e93b5bd7,ec692532-2ac4-4851-8688-9bf4738eef2a,2025-11-12 01:02:48,99.00,card,paid,billing_stripe
4ab50058-ea8a-44ec-b75f-f982ff9515d4,e82ac91f-538d-4750-bdd3-5e2b894f3a0b,2025-12-10 20:44:48,199.00,paypal,paid,billing_stripe
7add8ff6-85a2-40a6-943b-4f58d8729013,2bb2d12d-5f43-4a58-80e8-e44e049d4a23,2025-12-07 15:23:48,249.00,card,refunded,billing_stripe
466f43ee-a2c5-43ee-a459-0444c589f80a,057a1885-6a09-4a48-844e-4cc170e227ae,2026-02-10 18:08:48,239.00,paypal,paid,billing_stripe
30f4781c-3ca7-4bed-9970-02e06ad9ef23,b9f16837-387b-46af-81fe-9114bbf8369b,2025-11-18 04:37:48,299.00,card,paid,billing_stripe
f4780d76-f18c-4093-a8e8-e0e43de628dd,7d1c84d4-4c75-4cf5-bf35-4b81ec02bf13,2025-11-04 07:58:48,179.00,paypal,paid,billing_stripe
c44513b0-e3cc-4974-b7eb-b9a7e6829788,0550e358-bcc0-46df-9bf2-3462e64750d5,2025-11-14 06:20:48,149.00,paypal,paid,billing_stripe
c08a3fe7-8f2e-4132-8651-00c2b28f236e,f23e1b83-6a16-4384-b999-51c3824e75c9,2026-01-06 15:58:48,149.00,card,refunded,billing_stripe
fdf43be9-ab42-44de-8489-feb0dd50d1da,d3af19a7-9c04-4ea8-a08f-01eed45d2c0d,2026-01-01 23:27:48,199.00,card,paid,billing_stripe
a20ef359-e3d4-40f6-82fa-6c642a37d190,521079b1-ab7d-4ea1-97e2-4175f1ffcc28,2025-11-04 07:58:48,299.00,card,paid,billing_stripe
5decd0d5-819b-4e87-8579-88663cfce182,2e581a46-8f23-4177-839d-fca043e3eeb7,2025-12-12 04:43:48,249.00,card,paid,billing_stripe
b3f2e9a0-ceb0-47e1-b3fa-39355ab66b28,e3619300-7eb6-49cd-9804-b44d953d0127,2026-01-16 12:05:48,99.00,card,paid,billing_stripe
57db66e4-e194-467f-baba-53a8358f1ac7,d2522bac-45d3-4a9b-8853-9410fb3586d7,2025-12-30 23:03:48,149.00,paypal,paid,billing_stripe
8d388a8a-915a-43d0-94f3-e13e633da023,245fb0db-6979-4c0c-8b53-9ffdfafeb0ec,2026-01-15 07:12:48,189.00,paypal,paid,billing_stripe
a63296b4-9d9c-483e-953e-ab3056991439,08be2103-0a22-482f-98d4-729921c9f563,2026-01-24 04:44:48,299.00,paypal,paid,billing_stripe
77e89e82-112a-4dbb-a4f0-143ead245143,109dac2f-f43d-42b5-be0a-bf6557ab5acb,2026-01-05 13:48:48,249.00,paypal,paid,billing_stripe
d17a1b6b-f462-4e09-926a-93d97c9c20f0,c547ae4f-1b3c-481b-b392-efefd25eda9f,2025-12-18 09:07:48,249.00,card,paid,billing_stripe
768499c7-7e87-45d0-8293-f30b5f981212,edd4786a-a779-4143-a160-9ed58a5a14a8,2025-10-18 22:33:48,139.00,paypal,paid,billing_stripe
112d8bce-b3f0-40eb-a9e8-5215998916fc,694d6c84-4aed-4e4d-a0fe-cfe06850f30f,2025-10-29 15:42:48,199.00,paypal,paid,billing_stripe
02daa934-a7b5-4c90-b96e-74194a2a380d,9a0fa16f-8046-40f3-98f8-237393b56ff6,2026-01-27 22:00:48,99.00,paypal,paid,billing_stripe
eddf29a3-05bf-472b-8706-74af6bc2c89a,2e826973-d55b-4f6c-820d-c674c30d83e6,2025-12-18 19:03:48,299.00,card,paid,billing_stripe
cb337a92-2456-4815-95e3-527cf1c58591,7bbafde4-3d4f-41cb-8951-48b332d588f5,2025-12-21 19:39:48,139.00,paypal,paid,billing_stripe
7e288ef0-6029-4538-9fa0-177c9f612907,589e2881-5adb-4d3e-8a04-9548b8d3fc51,2026-01-05 23:27:48,149.00,card,paid,billing_stripe
e5ad08de-be45-4a07-914b-faabd6feff77,52693e2b-4e36-4afe-8d7c-872436750b54,2026-02-02 15:05:48,239.00,paypal,paid,billing_stripe
502debd0-f362-4606-bf1b-ae8ef0bc9d1d,938be495-7b56-4374-bc06-08d017e9be7c,2026-01-07 02:20:48,99.00,card,paid,billing_stripe
4c368c76-f0c2-4095-a005-bf00c478db4a,72a87bb0-446a-49d6-bbfc-9803a7b09b65,2026-01-28 09:30:48,139.00,paypal,paid,billing_stripe
d99fc4bf-19a7-4497-9d4e-3981f980af29,0164be06-3492-40c7-b247-7ac6cae3be3c,2026-02-12 00:15:48,249.00,card,paid,billing_stripe
b15f47ba-96bf-413d-930b-c490baeceb41,af30e79b-685f-4c58-bc63-8f84983ae8c2,2026-02-14 16:22:48,149.00,paypal,paid,billing_stripe
0059b4d8-5618-4cbe-9699-c25a024c5021,a8acf80a-6521-420c-89b0-8261d4e15867,2025-12-02 20:31:48,99.00,paypal,paid,billing_stripe
0db8ead8-0f7f-4e77-b9b5-d9191b873ddc,38231eba-996a-4374-8c74-a4d6b76929be,2026-02-04 11:05:48,79.00,paypal,paid,billing_stripe
35959cab-d944-4617-85a7-6956ba9c4ce5,2997ca47-a869-40ed-bfe2-d407817cb96d,2025-12-14 14:12:48,249.00,paypal,paid,billing_stripe
1788709e-ee89-4480-a60a-acdf2dbf0a33,a800d2db-fd17-4831-b9bf-8aafb2026f35,2025-10-25 15:53:48,299.00,paypal,paid,billing_stripe
7af1b4e0-c634-4318-9c31-40d428e25ea9,39a1594c-aee3-4702-97ea-e981e0ce76ef,2026-02-08 18:06:48,249.00,card,paid,billing_stripe
f3cfc1f1-6fed-41ff-ab56-ccbd03d03717,80574ba9-4333-435e-b3e8-fc5a1d108ef7,2025-12-28 22:42:48,229.00,paypal,paid,billing_stripe
ba6cde81-1eb3-46a2-ac79-ce56e1d75488,ac4f08ce-a7f5-4f86-84f3-3c907ee39b28,2026-01-12 11:11:48,199.00,card,refunded,billing_stripe
19ab6cf0-bc9f-4e13-b243-14685cb076ea,f9afab63-7c5c-48d7-b8cd-237a503ff66a,2025-12-10 01:18:48,299.00,card,paid,billing_stripe
34a90360-2def-4bd4-8124-f90983d64b11,832ad5ba-041f-4079-96b9-5811941dc70e,2026-01-12 00:10:48,99.00,paypal,paid,billing_stripe
49ea3c59-cfb6-405d-abaf-7309cf3d89c1,b4f42d3e-d078-4202-9858-769b115893c9,2026-01-24 04:16:48,189.00,paypal,paid,billing_stripe
d290b9e2-28a5-4424-aa77-2b3ff3fa72ef,8b3d4bc8-fa7d-4c3c-8fda-424d2f2fb4d1,2025-12-05 05:10:48,239.00,card,paid,billing_stripe
51e6df55-6bfc-484c-864a-97eb97d6902b,2dda6c3c-56e4-4823-a638-9af17bfc6487,2025-11-30 07:50:48,279.00,card,refunded,billing_stripe
acf3e8e6-5ada-45db-b296-60ad61ccf79c,7578a068-bba0-4b00-90ae-d4cb4cad6141,2025-10-21 03:47:48,99.00,card,paid,billing_stripe
aae02268-f8bd-445a-87fd-278f4f986548,c0d8e329-c64d-4f4b-b34f-68c611646118,2026-02-06 05:10:48,249.00,card,paid,billing_stripe
61b25742-1e49-46e0-ac08-30e681e26fa3,8e64c637-6fa4-418f-af20-a6fee93dfda8,2025-11-06 00:29:48,199.00,paypal,paid,billing_stripe
e5bcbe99-7b9e-4e92-874e-2b0489c47d1d,ad051bab-7b90-4ee8-9df7-8715110500fe,2025-12-29 01:40:48,199.00,paypal,paid,billing_stripe
df6a0320-6aab-4849-9544-081dc707a0ea,380bbf44-fda5-4615-b6ee-209bcdb0f26d,2026-01-22 17:51:48,299.00,paypal,paid,billing_stripe
ba42e572-0b18-4288-9d3a-6824abb259c2,af17794a-7e83-4ee8-a02e-877b6618b6d8,2026-01-03 15:12:48,139.00,card,paid,billing_stripe
9317262b-d2f7-4d0e-903c-68d0b12c59f6,cce30b08-2433-4569-833d-fd5920a04c88,2025-12-20 17:07:48,149.00,paypal,paid,billing_stripe
21dc2ddf-3189-4ca4-8c85-b953439bb457,d0b69fee-5d2e-445a-93eb-2ac431e6db32,2026-02-09 07:21:48,249.00,paypal,paid,billing_stripe
68b164c8-0b9f-4916-a481-57fcaed60c3c,fe87397d-3ae8-412f-a138-fb093435a644,2026-02-02 20:50:48,299.00,card,paid,billing_stripe
0632e5d6-9f0e-4028-9933-2843b5f869a8,bfeefde1-ff1d-4055-ba4b-2b1a53a7f5ef,2026-02-13 07:33:48,99.00,card,paid,billing_stripe
b4cdf812-4f5d-48af-9bfe-0b81dc21c37b,7dc7b6f9-10db-463a-96f8-5d09b9d4c152,2025-12-07 16:25:48,279.00,card,paid,billing_stripe
0e9f8b23-26bb-4d5d-aa41-9c12619cf846,1ccbe4f5-4af3-44f2-8851-d2078f6add92,2026-01-26 17:18:48,199.00,paypal,paid,billing_stripe
2390e523-a45c-4435-bb8e-28413e67d26c,84963436-13ff-4b85-8d27-3dcccad648e9,2026-01-08 12:41:48,79.00,card,paid,billing_stripe
946a23bb-a214-40d6-a89b-453b1f33d658,019082d4-9b75-4a85-a4da-44261693e696,2026-02-14 22:46:48,179.00,card,paid,billing_stripe
e1b56eff-bea2-41d0-8d17-4c4dfbe1306e,a43680b3-3938-4975-822d-d0fa82f0b53a,2026-02-05 03:33:48,89.00,paypal,paid,billing_stripe
229b72a1-26ba-4ea4-9822-49ddff835563,a0315510-fe2f-49a5-b4a0-dcd932346b85,2026-02-03 21:21:48,249.00,paypal,paid,billing_stripe
e5b8b784-0149-406d-80b7-33f9915a126f,04b427e2-8be6-498c-9413-93bff2167e0d,2025-12-20 14:44:48,229.00,card,paid,billing_stripe
2ef74e3e-fae1-4f01-8e79-43bc3e506310,80e8799f-d8f9-4aad-ba6f-92caf7d38b24,2025-11-10 21:57:48,99.00,paypal,paid,billing_stripe
9badd6f4-f45a-47bd-9dc4-453884be253a,160bca3a-82f0-4043-a1a3-90ef8adbfad8,2025-12-07 17:38:48,229.00,card,paid,billing_stripe
449d0dde-37b1-40c4-b298-cc36774bd67a,7f0d14e6-9cfb-4f10-8299-6481c1e0cd83,2026-01-08 16:39:48,99.00,card,paid,billing_stripe
515c5403-b896-44b5-8c1c-fa4f74af369a,c520eed0-237a-44b6-a367-ac1ad092a4f5,2026-01-19 12:42:48,79.00,card,paid,billing_stripe
12fe52df-74ca-46d7-94ed-776c0c0e2116,fb8e7e5b-8328-4717-955a-bc2159e8c675,2025-11-01 01:38:48,199.00,paypal,paid,billing_stripe
c0274ff4-ef96-4f01-b1f4-8dbe387db34e,c58f5562-3c74-43da-9225-e3118910a450,2025-10-29 11:47:48,249.00,paypal,paid,billing_stripe
f688e0ee-437c-4b7a-a969-78a96a2b5f84,35115267-d9b5-4393-b7d2-a393fc2801e4,2025-12-24 16:52:48,299.00,card,paid,billing_stripe
72e978b3-3f72-4dbc-81c5-05f0925092ad,759cf794-26c1-4728-9020-f6b3c468cceb,2025-10-26 06:13:48,229.00,card,paid,billing_stripe
be3a4a51-4590-4174-8bf3-15beaaa6e607,ecd916c4-4737-4fbe-97b0-e53f3f0a6e6c,2026-01-11 04:55:48,279.00,card,refunded,billing_stripe
e4d4a8dc-e91c-4845-89e6-f4e7f53c5f0d,e7d0343a-8459-4b46-afbe-12fe7634b2a8,2025-10-21 07:38:48,199.00,paypal,paid,billing_stripe
7c59bae6-4a6f-440f-bd4a-bc8a1e11fd15,e2ff3095-52a0-4de5-8dfa-f87a6a07ee97,2025-10-28 20:15:48,99.00,paypal,paid,billing_stripe
c0d11428-2971-4080-a1e5-0e00e3fcc6aa,ece92f0a-4aa5-44f7-b929-1a6c56c9a12b,2025-11-14 04:43:48,99.00,paypal,paid,billing_stripe
0e7f4d62-214c-4b8f-910f-873594946e3e,36c2e286-68aa-4a74-a92e-4a920ba2f8ff,2025-11-02 18:31:48,149.00,paypal,paid,billing_stripe
f73d5737-8fbb-4457-ae6a-78f4ca6e2948,f797e399-6882-49ab-8d61-937ab9adcd9e,2025-11-07 21:54:48,299.00,card,paid,billing_stripe
48b29104-f123-4735-b40a-b9f9d8eec659,332f9def-8a32-4f6d-b037-547e8a9b8035,2026-02-11 05:17:48,199.00,paypal,paid,billing_stripe
eda679b0-0cec-4e69-ad83-cade290723d6,7b0643f4-be4f-468f-b8ba-8d7669a23736,2025-11-20 14:11:48,179.00,paypal,paid,billing_stripe
9c9a64ae-ba3e-4232-a795-addc7a0937f9,cbe5c3fb-a797-4f4a-9cf4-24ac2afc0825,2026-01-02 12:07:48,199.00,card,paid,billing_stripe
8ae74635-407a-4e4d-af57-c2180cb1daea,98a8537f-d5db-4f0a-98a5-efc01bcbc834,2025-10-28 20:07:48,149.00,paypal,paid,billing_stripe
dc6e820f-a452-47a9-99fe-3b9b4c225b01,349dd53d-a7e4-4e5c-9271-30ecfdc158cc,2025-12-12 13:27:48,79.00,card,paid,billing_stripe
97d4d6a0-bfc2-416e-a966-cc3fa595bc0a,befcd3c7-886e-4bcc-ac1b-5dde43043929,2026-01-13 21:59:48,189.00,paypal,paid,billing_stripe
fee326f0-8ad3-47fc-9fbf-13a5ef0608ab,744bbd19-ba52-4c9c-b9b7-06b78186d685,2026-01-14 05:03:48,179.00,paypal,paid,billing_stripe
97f7f658-7150-4e20-a497-7f5b35ab9a66,625dcbc3-d2f6-4019-a1c4-9800b84fc317,2026-01-07 19:02:48,249.00,paypal,paid,billing_stripe
112df56a-2c3b-4f3b-8476-159de1dd3e32,9a76936f-fc70-45db-9e1e-6721380b6f47,2026-01-12 18:46:48,199.00,card,paid,billing_stripe
d155de1e-e455-4fd5-bc16-0756e78408b3,0ca0f1aa-c690-4fb2-96ce-774a853d11ca,2025-11-23 05:44:48,149.00,paypal,paid,billing_stripe
091cbd47-7590-42d5-aba8-86cd34ec5183,4237bd58-946d-434a-9389-bed6239662a4,2025-12-27 16:10:48,299.00,paypal,paid,billing_stripe
1911712e-4ef3-4a40-8dc5-07a446b4231e,3ae5c40b-452b-449c-95c4-f4cbabde59ed,2025-12-13 09:33:48,149.00,card,paid,billing_stripe
16d13404-4890-44a0-ba44-d56429855b83,505bc51e-0d53-4816-addb-2406a09b7174,2025-11-14 21:24:48,139.00,paypal,paid,billing_stripe
1b126941-3b6a-4514-93f0-9154127c54dc,83b22458-0e62-4ada-8d0b-e86e7bf83fd4,2025-11-12 07:00:48,189.00,paypal,paid,billing_stripe
abede9ea-076c-4e9b-a6f1-910297e5eaec,e218bd25-dcca-4b29-b5ba-563e68cab314,2025-12-17 12:49:48,299.00,card,paid,billing_stripe
deb0cfdf-a6d4-4565-a363-293b11a4d0e2,22b33fb0-17e3-49a9-b8dc-b9fcb7230092,2025-12-10 05:24:48,99.00,paypal,paid,billing_stripe
302e7d34-e4b2-4399-b1e3-3564f8bbc29f,511b085b-1f1b-4899-adba-fc39cd1cac77,2025-12-05 05:35:48,199.00,paypal,paid,billing_stripe
d18aced5-9832-4c50-8523-ff2234dbc651,09861068-1d8b-43a1-b783-f8e3f391c5e1,2026-01-05 18:14:48,79.00,card,paid,billing_stripe
90377419-0851-4dbd-abe2-8ce445c7aa10,996b47f6-c307-4717-8070-3faffc72860c,2026-01-30 00:06:48,229.00,paypal,paid,billing_stripe
745aff9b-681d-43ac-88be-a561beec934c,b1076c10-4ebd-4dc4-a9ba-f9f7479f3363,2026-02-11 03:16:48,199.00,card,paid,billing_stripe
5431fcf3-9090-4b99-90b7-6048a0e0b37f,0fb372b1-6521-4700-bdd9-444d2e2a3c25,2025-11-26 13:55:48,139.00,paypal,paid,billing_stripe
9ffbc20f-f909-49cb-a025-94f2ffd4575c,138c12ef-c2ae-4dc5-ab7f-0c6dc6d97c5d,2026-01-25 16:19:48,89.00,paypal,paid,billing_stripe
5427093b-ed03-4d85-a318-18b3b3f22ff2,a0236362-a62a-41b1-a422-295005799f45,2025-10-24 17:29:48,179.00,card,paid,billing_stripe
670100a9-dcdc-446b-bdf6-4517c48f792d,5c4ad320-9258-4876-9ae9-a9b83819980f,2026-02-13 12:47:48,149.00,card,paid,billing_stripe
8b01f829-08f0-40ff-9c74-ebfaf55b51c4,f6c7c955-eaa0-4df8-9400-3f372f482777,2025-11-15 18:56:48,79.00,card,paid,billing_stripe
9b265105-d6bf-4a2f-bf2a-e1afa7bd394d,e1002d85-2778-47c4-b9fa-7c1d394acf0a,2025-11-23 14:50:48,99.00,paypal,paid,billing_stripe
8f0a712a-89c7-465d-a071-423e7d0529a1,70c9dd07-73b4-4ed8-805d-916230418921,2026-01-30 18:18:48,249.00,paypal,paid,billing_stripe
ca88a9e5-d5ed-4ffb-9eac-415cf53f48ad,90dbf8a9-d0ab-47ae-81c1-db50284b0705,2025-11-23 10:03:48,289.00,paypal,paid,billing_stripe
07dda1e4-558a-4441-8749-4900336f55bc,e4cbb4b5-835b-4962-98d5-4152308772f6,2026-01-10 10:59:48,79.00,paypal,paid,billing_stripe
8c97cbd7-e333-4d4e-8e34-1d5b2ef75958,2ec3d43b-ba82-454a-83d5-7325991337e0,2025-12-31 21:27:48,199.00,card,refunded,billing_stripe
cf5032de-ee8a-4293-a8a2-73f7ce3434db,eb6a1455-45e6-434f-8709-10f7ce6cb1e6,2026-01-04 14:12:48,99.00,paypal,paid,billing_stripe
3fa260ba-0f02-4534-a903-5bab7cfd6be8,6c837972-753c-46be-bb41-3acf20640622,2026-02-04 03:08:48,89.00,paypal,paid,billing_stripe
8f47de73-201f-4f93-be77-7e002db6ff47,07569f51-7c7a-4637-bb4f-f2ba193b7f84,2026-02-09 13:41:48,149.00,paypal,paid,billing_stripe
8c5adcd5-d810-4a6f-9b7b-879cdf75b36f,1aaa17ea-a330-4d20-ae8a-935b7f4c1aad,2025-11-13 11:13:48,99.00,paypal,paid,billing_stripe
c6ae9cbf-3b84-44e3-860c-9db824ec6f74,3c6c454b-d35f-4e13-9060-5c2981950a78,2025-11-28 05:36:48,89.00,card,paid,billing_stripe
28f0a893-b040-425b-9b00-67ca6f712845,913ed5ec-3e73-40a4-a077-fce22b4df999,2025-12-25 23:58:48,229.00,card,paid,billing_stripe
f8318623-4cd5-4bff-836d-c6575d803936,4f23eea4-93ed-4778-8024-7861ad1bcf76,2025-10-30 13:47:48,229.00,card,paid,billing_stripe
c91ef9bd-05a7-45a9-bd93-e4d154149fb0,a125c39f-4067-46a3-99b2-8844f3d39318,2025-11-08 08:05:48,99.00,card,paid,billing_stripe
659508ac-4af9-48b3-9b17-bc5a97920eb0,56c4ac88-9353-466d-bb09-e6199fdb3ee3,2025-12-21 19:18:48,189.00,card,refunded,billing_stripe
b4c12667-e94a-423e-a9a4-f0593e804aaf,5e26b7f2-aaba-49e2-91d2-6a1633c557de,2025-12-10 22:55:48,299.00,paypal,paid,billing_stripe
f3447a94-c9e5-4933-b11b-dfea3522dc2a,8fede9f0-8255-42ee-9f45-1e77501b12f8,2026-01-26 20:08:48,299.00,paypal,refunded,billing_stripe
9d36290a-1ca8-440d-8181-797dedc25033,4a992556-19fc-48fa-a881-42fb5d7026af,2025-10-27 11:05:48,239.00,card,paid,billing_stripe
97ae096d-9977-43d9-a434-d585fad8eb87,5f31db0f-590f-4c7f-ae2d-77f38eecef40,2025-12-06 22:35:48,249.00,paypal,paid,billing_stripe
0cba2e68-cec2-4cba-8709-033a3c5ec717,8c378563-4f12-4749-859e-56c6ee977f1f,2025-10-28 20:15:48,199.00,card,paid,billing_stripe
e8f2ae77-05e5-4648-9890-831ee6b9d543,43350347-2c94-42e2-8b31-71d542b205e5,2025-12-25 15:01:48,299.00,card,paid,billing_stripe
7ba53b9d-728d-433d-97cf-7d83b32c0afd,cd9b4b32-b6fe-4cdc-96bf-504022a2f155,2026-01-03 05:12:48,99.00,paypal,paid,billing_stripe
7190c434-a4c4-4b5f-8cf6-ae0e1492c673,0be357b9-0d02-45ef-9872-62a1cd5d926b,2025-11-16 03:21:48,99.00,paypal,refunded,billing_stripe
ff977589-c665-4565-b970-3875a585ede2,c81a7518-7408-4994-89d2-0b250ed58036,2025-11-18 15:22:48,129.00,card,paid,billing_stripe
7eff5511-65bf-4666-a92e-34f25730e837,89f8509b-f94c-429d-a9c0-098cae73827d,2026-01-22 10:41:48,249.00,paypal,paid,billing_stripe
22f31101-0c22-45c8-abce-136006f154d6,110d8590-34cf-453a-abfe-160e09766136,2025-11-11 06:04:48,299.00,paypal,paid,billing_stripe
627f8d8b-1a7c-4195-8152-9da584c1c6de,ca3a1678-d7a3-4a09-a049-a62ce4e6aee4,2025-12-14 19:06:48,79.00,card,paid,billing_stripe
7cd9c48d-6de5-4263-9e55-7543b24d7596,fc82a69e-4b85-400e-94b9-8e1bee166cd7,2025-11-14 13:52:48,239.00,paypal,paid,billing_stripe
4a8f8b00-8c40-42f1-bc84-14885c4bbb36,6a681159-0eea-42b9-bed3-33fdeabbd702,2026-01-11 01:25:48,179.00,paypal,paid,billing_stripe
f6d344e1-160d-4ba9-a34f-d5a4e8e97ef5,d8fcd6b7-9b66-4bc1-8b1f-de8f8cebd5f3,2025-10-30 17:47:48,199.00,paypal,paid,billing_stripe
29658673-1d2e-496e-a319-fa96b96952ac,bf5a3a68-76d0-49d3-9dd1-519a537e05cd,2025-11-16 21:14:48,289.00,paypal,paid,billing_stripe
89d12f09-aa3c-4dad-8043-ff0d1c5cfab6,9816a172-3eb5-4d84-b078-e119ec90dc4c,2025-11-20 18:40:48,289.00,card,paid,billing_stripe
19404cad-80b6-4aa7-97e3-608199f0b86b,48b47749-5c8c-43e8-be68-a41e1a119a63,2026-02-12 02:00:48,99.00,paypal,paid,billing_stripe
cc2ca25e-a6c1-42be-abf3-cde1e7d26e0f,a6f2844a-f1d7-4a8d-a90c-1bb06a581c07,2026-01-28 10:14:48,199.00,paypal,paid,billing_stripe
cce5bcb1-bfdb-4dda-9538-158af819c473,f32aeba2-f63d-49d5-b59c-dda82e5f6f6e,2026-02-02 01:04:48,299.00,paypal,paid,billing_stripe
215ea724-651c-4057-9b52-0c098708a018,13067ce5-752b-4b31-94ce-0d939826e03f,2025-11-18 19:42:48,229.00,card,paid,billing_stripe
120a902a-bbbf-4f9d-b618-cb1286e48bd1,4b711225-3f9e-40a5-8872-793949b15219,2026-01-20 21:46:48,249.00,card,paid,billing_stripe
6773529c-dcf0-4bc1-897a-c471549ed021,fe434df0-2b31-4d87-9aa8-a8b8cd51d41b,2026-01-09 06:00:48,99.00,card,paid,billing_stripe
2881983b-66fa-4d00-882b-9e66e5a40efb,c3fabfd0-eab8-4771-9949-067dbe7e3dc6,2026-02-10 08:06:48,289.00,paypal,paid,billing_stripe
72fa900c-3fa6-4472-8967-ca4d999a3aad,fa6a38e8-9944-4817-9ec0-c9a800046f12,2026-01-04 02:10:48,149.00,card,paid,billing_stripe
b5d9e189-3556-4208-ba9d-56f03e6c9fc4,5035c3e9-101d-4bc2-909b-f760f2820efd,2025-12-14 22:15:48,199.00,card,paid,billing_stripe
d976069b-7120-4511-91a6-1c3577a2c430,471fc39f-5181-41be-a0fb-2adc3bbaa2e4,2025-12-11 17:44:48,299.00,paypal,paid,billing_stripe
0ecde3af-188c-4373-9343-b3e8d391bcfc,b02884a8-aca9-457e-8a4b-24e02e6433ed,2026-01-02 08:29:48,139.00,card,paid,billing_stripe
709dc789-4779-47f8-8583-505e3056455c,8cb7fc83-8403-4260-8ac9-7dc3f0cb2cbf,2025-12-05 19:34:48,89.00,card,paid,billing_stripe
2da62a7e-b750-4ae7-9057-695e4e0bf682,f1adc8b7-fb8e-4149-be5f-ad01b644d7b3,2025-12-29 16:50:48,189.00,paypal,refunded,billing_stripe
ecff3df6-5d80-4111-92f0-5f0f3221cedd,3ae04848-0096-4aca-a849-7223023638eb,2025-12-15 11:45:48,139.00,card,paid,billing_stripe
3f062064-4cd4-4184-ab59-c2c2e8a35a36,44a85d2d-408c-4ede-9c5e-2b1b5dc95b52,2025-11-27 12:42:48,129.00,paypal,paid,billing_stripe
7b86e783-42d5-4ce9-8f1d-6bff0f98d724,cbcc8df5-b18b-437e-973b-dcd7d81775cc,2025-11-11 14:54:48,79.00,card,paid,billing_stripe
628b5477-6a6a-43d5-8e22-d412a2f5b901,11b275be-0589-4acc-a93d-bfff29b39b38,2026-02-09 09:28:48,199.00,paypal,paid,billing_stripe
85940cb9-f809-4843-9efc-db5433b5cbc1,25796eb8-bf62-4d40-bced-1921af9a6902,2025-12-19 17:01:48,239.00,card,refunded,billing_stripe
41192045-55d6-4663-9568-6108e9afb736,85e12444-5e19-43fb-8647-29c2e9dff2e8,2025-11-10 20:22:48,99.00,card,paid,billing_stripe
bbcafa0e-db64-4730-9846-7dac0076ca57,00873355-b590-4cd5-89bd-f07266db6696,2025-11-30 09:38:48,229.00,paypal,paid,billing_stripe
592b16de-345a-4250-9f43-30b568712dcc,82cd97f9-00a7-4890-9da2-3259847cc7b5,2025-12-09 06:44:48,239.00,paypal,paid,billing_stripe
da5f8fd0-41bc-4917-b249-2cefea46290a,e0a9e68b-7cfe-42df-8732-a77b1a506df4,2026-02-13 17:35:48,299.00,paypal,paid,billing_stripe
15d64f3d-15d0-46cd-b1cd-a1a51c7da719,b1f609b9-7388-47be-be0f-ab2f244aea6a,2026-01-07 13:22:48,199.00,card,paid,billing_stripe
bb1f9458-b4d9-4d34-8506-84dc2549b984,3c968637-15e7-4e97-8012-e814f782d066,2026-01-23 13:26:48,199.00,card,paid,billing_stripe
83a5a619-0fdd-464f-b5a6-f9eba257aedd,605503b9-debd-48eb-b8ef-e2d4584d159f,2025-11-24 21:43:48,199.00,paypal,paid,billing_stripe
ae2ffc83-d24e-4aed-b9fa-6352be1b15e7,eae4d066-9a95-481e-a1f5-e5bbafd7dd63,2026-01-01 07:54:48,149.00,card,paid,billing_stripe
c5e0f47b-fe20-4fc8-87d2-fea632ba65ee,eaa6546b-0a78-4353-ab44-9b0df844e99e,2025-12-14 23:40:48,289.00,paypal,paid,billing_stripe
cc182fb0-7982-405b-980b-7d29f933ce84,43cc1567-8923-45ec-8cec-9719949e35c3,2026-01-25 18:31:48,149.00,paypal,paid,billing_stripe
7d734e8c-352d-4237-b663-9ce2638380da,37ab66fa-1f4c-478f-b796-ecf01d48d96c,2026-01-28 19:46:48,179.00,paypal,paid,billing_stripe
a4b0f607-5f0e-4809-8928-5afce58bad4f,e69dea8f-4d79-47af-9c05-43bcac3a489c,2026-01-23 17:10:48,89.00,card,paid,billing_stripe
3a1b76d1-89a6-4ce4-a716-cdd71705d273,a5f0a30d-6828-4326-bfe2-dd6ea44565e1,2025-11-13 15:52:48,99.00,paypal,paid,billing_stripe
11e8fdf9-a444-4357-aad5-6bd1827f5acb,ff87b1cb-900e-44d2-96e0-a46ec6b0baa3,2025-10-22 12:22:48,179.00,paypal,paid,billing_stripe
d5cc0f80-356c-4ce7-a626-cbe1efb81049,c223ba7c-c2dd-4625-b065-e937a8a0ba2d,2026-01-18 01:21:48,199.00,card,paid,billing_stripe
4ee807fa-e468-4608-9be9-5aef4b607090,58542db9-3a6b-49c5-bc79-b46dc1ff7885,2025-12-30 21:48:48,149.00,paypal,paid,billing_stripe
0f880fda-f4ca-49e6-adeb-fe18297ef34e,3b47ec4e-ad82-4ac4-b116-bf064f2321b2,2025-12-04 17:24:48,129.00,card,paid,billing_stripe
b9c9a614-e23b-4046-94bd-417fbc4a048b,0ee43b9c-55da-46dc-ac64-a8ff77f16664,2026-02-07 11:52:48,149.00,paypal,paid,billing_stripe
b7e0a694-3753-4103-bcff-5bd9bbda451d,4f23cbfe-d778-4352-b36a-9a59f1f6bb13,2025-12-17 02:00:48,99.00,card,paid,billing_stripe
930f7af1-5e6b-4f25-b452-70bcafc48ec4,809f3f87-e799-48e5-8c3e-81ae0aa9098c,2025-10-31 18:36:48,299.00,paypal,paid,billing_stripe
d3456124-d893-4bde-a68c-72de15cb0644,94f35671-15b4-4531-b441-212f00b6df38,2025-12-11 08:54:48,129.00,paypal,paid,billing_stripe
c480677a-0611-45d4-bb3d-33abfdc2744e,957236b0-75f7-4c89-9bfc-fb197b2d267d,2025-10-24 20:20:48,299.00,card,paid,billing_stripe
e533fb92-2c31-4861-a70f-3c8ac4ed88c1,59202494-2b86-4471-8bc2-ad7feb6d248d,2026-01-19 09:15:48,139.00,card,paid,billing_stripe
ad5a69df-e234-4030-87db-85dd604fdf4d,7d100957-18e1-4cf1-b9ff-8be7c90cf5d3,2025-11-04 08:49:48,79.00,card,paid,billing_stripe
5c3e132f-3f84-4694-bd53-935c0293db54,81748440-7e58-4613-a50c-2719674abe06,2025-11-25 01:08:48,149.00,card,paid,billing_stripe
7515f41d-9414-40eb-8ae0-df6ba5c8a59d,1416b35b-1c7e-4cb0-a3b1-91760e2edba2,2025-10-23 20:20:48,99.00,paypal,paid,billing_stripe
2d9e9535-3944-4cd3-9a36-4d0724f5124e,84c127c7-01ab-4a77-a4ce-bd527aa0627b,2025-10-25 19:41:48,199.00,paypal,paid,billing_stripe
38a25d70-353f-4114-be54-c3efe6df801e,f5c38319-91f4-4402-98fa-0849046f7cb6,2026-01-18 06:30:48,149.00,paypal,paid,billing_stripe
82977f68-a3b8-44a9-b247-307d3a859eb1,a09979f7-c2eb-440a-926a-d0d055348ff7,2025-10-20 03:21:48,299.00,card,paid,billing_stripe
5bc51ffb-5304-492c-8c6e-33e1eadbd89b,86901852-adb5-4d56-9e7a-93af88b47f76,2026-01-20 20:08:48,279.00,card,paid,billing_stripe
26812de2-b230-469a-8b57-bd19612c1f52,e1bc9697-2dc9-45d3-bfa2-3d9eb898eb98,2025-10-25 20:06:48,99.00,card,paid,billing_stripe
14a00d96-383f-4b57-967c-8780abac1ec6,c0b60bb4-912e-4da9-9663-08903a82d7e8,2025-12-11 06:15:48,79.00,paypal,paid,billing_stripe
9e2defc1-0b0d-4a39-98a3-b7ecd7723650,0bbdb458-9094-40e4-b83e-75be7f44f42b,2025-12-23 08:34:48,249.00,paypal,paid,billing_stripe
9e9e96b6-98a4-4425-8aae-04138ab0ac3d,a3a7d792-750b-454b-938b-341b7fad2993,2026-01-14 11:49:48,99.00,card,paid,billing_stripe
11ee01dc-5963-42af-91b3-6a823107e7c9,79671ca2-7ef3-4f3c-8673-621c8433fa39,2025-12-25 04:38:48,129.00,paypal,paid,billing_stripe
983f5071-0ae6-4edb-97f4-3ace65556c9e,3173e120-2eaa-4a6f-9768-aaa1bccbd568,2025-12-05 06:49:48,179.00,paypal,paid,billing_stripe
509c18e3-085e-4b17-afe9-edb07f2b411a,9d32b19a-0a16-45ce-8577-25e9fcb58e67,2025-12-30 03:41:48,239.00,paypal,paid,billing_stripe
2c7931d2-c9f6-406a-b6c3-571ba19cfee2,569d579b-4ba8-495c-9dda-0567a583daf5,2025-11-13 09:16:48,99.00,card,paid,billing_stripe
3a1660cc-5a38-4ca0-b50d-f500f6e1347d,9d75381a-6fbd-4028-9713-fa2d3f672119,2025-12-11 22:40:48,199.00,card,paid,billing_stripe
981f9e5e-b233-4199-bf5b-5e549bb426e1,8129b5da-f58f-4f5c-8410-c156e57f72dd,2025-12-16 22:17:48,99.00,card,paid,billing_stripe
d0f1c0b6-7ab4-4b04-99b8-77a0647613d3,f3fb4d76-e38b-479e-a26c-97d75581a2fa,2025-11-14 23:24:48,239.00,card,paid,billing_stripe
f2973daf-b9f2-4040-846c-ae8a0abc8ae2,b19543f6-1491-474f-8509-7db06d2daea6,2025-12-21 19:55:48,289.00,card,paid,billing_stripe
98fbbf82-c8a1-4e32-9411-c8adb8597d6b,117160a0-cfc9-440e-854c-3619d65946f0,2025-11-21 11:30:48,149.00,paypal,paid,billing_stripe
bb4799ea-7ce2-426c-b8fe-4e565b65d657,50a88a82-e4e9-46ed-a0ea-db5e993de9fe,2025-11-22 00:10:48,299.00,card,paid,billing_stripe
2d41e9a4-9073-460a-bf94-c8c737cd84d5,025f9919-6e5b-47a0-bbc1-cceacb9082e5,2025-11-14 22:10:48,289.00,card,paid,billing_stripe
70f9353c-0630-44c5-ba96-08f6e660c5fb,d4feb62a-582e-4721-b9d1-a0040ec1b07b,2025-12-19 07:27:48,89.00,card,paid,billing_stripe
ff81bf98-4b62-4a2e-88a8-6809911b160d,be9ff45a-3d35-47aa-8037-0e7301b63dde,2025-12-13 11:52:48,89.00,paypal,paid,billing_stripe
3f9693fe-b02e-4b4e-8699-f7555da2be53,bb8b8856-7650-4429-9e7d-85cb7b717bb3,2025-12-29 00:44:48,139.00,paypal,paid,billing_stripe
ddd6df96-8473-492b-bfc2-00337382f2ef,0b64c6db-cfb3-454a-8a27-f2d879ebc786,2025-12-16 11:54:48,79.00,card,paid,billing_stripe
39cc2f6b-9c53-4d8a-8822-896c3bb58f45,e3c7b39e-0d5d-4eef-a78d-6cb57c33e29f,2025-12-25 04:21:48,299.00,card,paid,billing_stripe
a0e50fae-b17d-4aff-a371-7935c193fc08,9acf3a8c-2674-44c3-a28e-df822c91c6c5,2026-02-04 01:44:48,199.00,paypal,paid,billing_stripe
eb17f62c-8fc1-4524-ab35-151897be4b76,c2cd1982-73e8-41aa-a47a-21a4b2d212d0,2026-01-18 20:32:48,149.00,card,paid,billing_stripe
cf0ccf8a-ce3d-4059-bee6-b35f1b6af8a2,746d074a-af16-4602-84f7-2c0851511b03,2025-10-27 09:16:48,149.00,card,paid,billing_stripe
fdba9a6d-fde0-41c8-a592-9b87079d83fd,1bfc7bf7-0d6d-4cd0-aad4-0fff27e82166,2025-10-21 17:56:48,249.00,card,paid,billing_stripe
8dd6bd0c-bcfb-4c05-ac1e-5f0e4b852f8f,e3d1443b-a705-49d5-8709-1fbf3fac49d9,2025-11-28 09:37:48,289.00,paypal,paid,billing_stripe
4b2bb58b-f85a-4d97-98c0-de3487097062,93f17bd4-3e92-4f4a-9911-2a9f41ecc9ec,2026-01-18 02:30:48,79.00,card,paid,billing_stripe
7c41cb1a-fbdd-43c8-a5db-3e6a1cf92367,7107be01-54f0-4eb2-8be9-aafc9147c3cc,2025-12-26 22:26:48,129.00,paypal,paid,billing_stripe
edea938a-c886-46cd-b975-48b982df57a2,ee7da265-c0c0-43d3-9b15-720ecf27ecce,2025-11-19 16:58:48,129.00,paypal,paid,billing_stripe
f84a857e-7633-4451-a2c0-df278e47575c,931bbf58-bc72-4151-b63a-2e3597b3d5bd,2026-01-23 00:00:48,139.00,paypal,paid,billing_stripe
e1bd6c2f-9fee-4ff3-93a5-8d1d6cff7095,9191bca8-9966-4176-b038-e747f40fe181,2025-12-23 09:45:48,189.00,paypal,paid,billing_stripe
3ed78147-715e-4954-9dee-b2186f86de08,9d27499c-8896-4a18-bdf3-3a9854b22623,2025-12-03 23:39:48,89.00,paypal,paid,billing_stripe
348b8878-94be-4603-bc4c-51aa5428b17d,9056b3c4-4256-4854-bb74-2fff9fc6c7fe,2026-01-27 20:47:48,249.00,card,paid,billing_stripe
2f9dffdf-cb32-4816-955b-39b0ed6230ef,d6ce558a-0cb0-476e-a78c-bb895b031940,2025-11-06 22:53:48,199.00,card,paid,billing_stripe
7eb51ebc-ef79-4738-bedb-cb5decb417c7,ed3c0c5a-0e50-4579-b956-2c3cd3170119,2025-12-16 21:27:48,239.00,paypal,paid,billing_stripe
3eddae68-5463-4df2-acad-11372966d7b1,ea0180a6-cc62-4f2d-95e3-7ef11ae1743f,2025-12-25 17:14:48,299.00,card,paid,billing_stripe
58e2c8d2-b018-46ef-84db-657948feb1f3,67533393-2ea2-4d95-b536-b1d9bb1545db,2026-01-01 08:19:48,279.00,card,paid,billing_stripe
3c38f0fe-fb63-46e4-890e-71238b0718e9,732a2042-924b-4e5e-a8dd-cefcf12393a8,2025-12-18 01:01:48,139.00,paypal,paid,billing_stripe
fe83c992-7e50-48ca-8a2d-e9682a29664d,e7deabf8-d71c-4b00-a679-8ffaac6682a5,2026-02-05 11:02:48,139.00,paypal,paid,billing_stripe
fb4cf240-2d71-4404-a2e9-072fbcb1f2b1,e7f0c36d-cda2-411a-9a48-7b0d6644f530,2026-01-11 23:44:48,179.00,card,paid,billing_stripe
95077e92-514b-4daa-bb06-ab060e991b94,04048270-f763-43ef-b96a-9c8424a8b775,2025-11-14 10:29:48,199.00,card,paid,billing_stripe
e102637a-9add-406f-95c0-eb71ae3dd833,66b54bec-6ac9-4410-85b8-70db76bde66a,2026-02-07 04:46:48,99.00,card,paid,billing_stripe
b50275a1-13a4-42e2-b444-10467a6fd38b,2e9f02f9-c7f0-45b0-a1c3-99c3ecf660af,2025-11-28 12:10:48,239.00,paypal,paid,billing_stripe
bcaf5301-3247-47c0-aa5c-fbeaeba154e7,7bde18a9-cadb-426a-85e3-55ca5c568f57,2026-01-30 00:37:48,149.00,paypal,refunded,billing_stripe
f90ca622-07ce-4091-b2ed-68b726ab51e8,8c929fe8-5d19-4e06-acf0-6f26fc7a4a51,2025-12-18 02:38:48,179.00,card,paid,billing_stripe
0bc8bd4b-eaef-4989-ba97-a147c6227229,757ff1ba-40af-4cc1-8c97-4b3011c3727e,2025-11-26 20:51:48,279.00,paypal,paid,billing_stripe
6cb40904-97cb-4ded-ba5b-cb25be761bd0,e46527e6-5039-418c-9f4d-c04a2dd50613,2025-12-08 10:36:48,79.00,paypal,paid,billing_stripe
f433f05b-4a34-4348-abf1-a7af61f823b3,49c4b0d6-9417-4446-b5c4-620f9e492236,2026-01-08 19:25:48,299.00,card,paid,billing_stripe
d22604d7-c55a-4e4f-b028-023ccd65cdc7,1a11d9c4-c113-40b5-9ff3-00939147f3c7,2025-11-11 00:02:48,79.00,card,paid,billing_stripe
7db30f12-7c71-4376-be8f-3ef3545621ed,e813b663-427d-4ffb-95fc-9033f4410ae0,2026-01-22 00:16:48,279.00,paypal,paid,billing_stripe
099083d9-95a3-4148-96e9-441d63197cf2,6e784b2c-8cdc-4376-b403-6916b97152dd,2026-01-18 07:58:48,249.00,paypal,paid,billing_stripe
060df392-cf81-41b3-b561-3982c79af5c5,a97415c2-8415-4d5e-a2d4-05d35075e755,2025-12-25 06:24:48,99.00,paypal,paid,billing_stripe
7eed9ad3-1d63-4f98-a7f0-f497ced94b43,41b867b9-0e5b-4577-b222-f9f08e2c92d3,2026-01-11 15:21:48,249.00,card,paid,billing_stripe
34aac962-7fee-4723-9639-b394fdb59d54,990dc659-038a-406b-9ebb-8421ffe461ed,2026-01-23 08:15:48,199.00,card,paid,billing_stripe
90d23e1f-22ae-43d0-9c8f-1943f9e8167a,cadd154b-df3c-4376-b7ce-04745ff6e064,2026-02-14 04:42:48,179.00,paypal,paid,billing_stripe
34f9d107-3b83-4d46-ad7f-ef0fa87a3662,4d079364-6c57-4cc1-9ac6-db7ce51302ed,2026-01-04 15:13:48,149.00,card,paid,billing_stripe
1eae1df8-efa4-405f-bf4b-bcd36ac47afe,d9cfe7a0-37fc-4405-b2b9-d5919afe8b70,2026-01-23 06:32:48,179.00,card,paid,billing_stripe
